"longitude","latitude","id_cells","period","sampling_effort","periods"
-92.0471199,42.6391512,1470,"past",2,1
-91.9636914,41.0076114,1341,"past",9,1
-91.8590602,41.1472398,1341,"past",43,1
-91.8109604,31.6321148,525,"past",14,1
-91.505867,41.503468,1385,"present",1,2
-91.4345978,40.359211,1299,"past",34,1
-91.3584816,39.7083789,1213,"past",11,1
-91.314535,40.6297634,1299,"past",14,1
-91.229,31.9891697,569,"past",1,1
-91.048721,40.709389,1300,"present",2,2
-91.0432051,41.424473,1386,"past",11,1
-91.0432,41.4245,1386,"past",33,1
-90.9501,40.23,1300,"past",71,1
-90.79514,41.44202,1386,"present",2,2
-90.7638,41.387,1386,"past",1,1
-90.763753,41.3869765,1386,"past",5,1
-90.6677347,42.506348,1472,"past",2,1
-90.498421,38.762318,1172,"present",4,2
-90.48497,42.7338099999999,1515,"present",2,2
-90.40242,41.5567739999999,1387,"present",2,2
-90.347107,38.654652,1129,"present",4,2
-90.320282,38.656681,1129,"present",1,2
-90.305168,38.699291,1129,"present",1,2
-90.304901,38.699406,1129,"present",1,2
-90.258934,38.613323,1129,"present",9,2
-90.1406643,39.0397688,1172,"past",25,1
-89.944405,38.804558,1173,"present",5,2
-89.733604,43.4300799999999,1559,"present",1,2
-89.724,39.9609,1259,"past",2,1
-89.7239944,39.9608826,1259,"past",35,1
-89.6407,40.5675,1302,"past",15,1
-89.589,40.6936,1345,"past",8,1
-89.5188246,34.3659868,787,"past",2,1
-89.51687,40.89129,1345,"present",2,2
-89.444275,39.742039,1259,"present",1,2
-89.432106,43.069355,1517,"present",2,2
-89.42589,41.8717,1431,"present",3,2
-89.41909,40.704418,1345,"present",1,2
-89.418594,43.060757,1517,"present",2,2
-89.4007501,43.0721661,1517,"past",2,1
-89.390518,43.1353570000001,1560,"present",2,2
-89.37944,42.36227,1474,"present",6,2
-89.376808,43.128082,1560,"present",1,2
-89.33233,42.85313,1517,"present",21,2
-89.28454,43.34434,1560,"present",11,2
-89.2412,42.2661,1474,"past",7,1
-89.1705998,32.0810429,573,"past",14,1
-89.1231,40.2389,1303,"past",13,1
-89.053299,42.353607,1474,"present",1,2
-88.958,39.87689,1260,"present",1,2
-88.939835,40.49676,1303,"present",2,2
-88.90964,40.36644,1303,"present",2,2
-88.8788344,33.4257231,702,"past",1,1
-88.81089,41.34596,1389,"present",5,2
-88.793625,40.328484,1303,"present",2,2
-88.787453,33.455647,702,"present",1,2
-88.76048,41.836,1432,"present",7,2
-88.70937,42.3263,1475,"present",8,2
-88.705278,41.5633,1389,"past",9,1
-88.705278,41.563333,1389,"past",1,1
-88.65752,42.81688,1518,"present",8,2
-88.6326,42.1914,1475,"past",6,1
-88.6084,42.2486,1475,"past",20,1
-88.523857,44.042103,1604,"present",2,2
-88.503304,42.011166,1432,"present",15,2
-88.5033,42.011166,1432,"present",2,2
-88.49748,44.29083,1647,"present",3,2
-88.4272627,33.4956744,703,"past",12,1
-88.41171,44.261673,1647,"present",1,2
-88.40762,42.168606,1475,"present",1,2
-88.398506,42.162609,1475,"present",2,2
-88.3970689,44.2876255,1647,"past",1,1
-88.378372,42.187634,1476,"present",1,2
-88.373291,43.303638,1561,"present",1,2
-88.35968,42.162563,1476,"present",1,2
-88.3126,41.85,1433,"past",1,1
-88.3125738,41.8500284,1433,"past",11,1
-88.31176,41.89381,1433,"present",1,2
-88.255875,41.723499,1433,"present",9,2
-88.19743,41.9757960000001,1433,"present",2,2
-88.157272,41.695396,1433,"present",3,2
-88.148657,42.7903632,1519,"past",1,1
-88.09579,41.79688,1433,"present",33,2
-88.083588,41.746822,1433,"present",2,2
-88.077599,43.138775,1562,"present",1,2
-88.070885,41.814449,1433,"present",2,2
-88.0701,41.814323,1433,"present",1,2
-88.070099,41.814323,1433,"present",8,2
-88.06882,41.813972,1433,"present",1,2
-88.068817,41.813972,1433,"present",6,2
-88.059639,41.872128,1433,"present",2,2
-88.053925,42.183475,1476,"present",2,2
-88.051514,35.040047,832,"past",1,1
-88.050934,41.81856,1433,"present",2,2
-88.050934,41.818562,1433,"present",5,2
-88.050323,41.814045,1433,"present",8,2
-88.04665,41.8523519999999,1433,"present",2,2
-88.024521,41.799072,1433,"present",6,2
-88.02028,42.292313,1476,"present",2,2
-88.0126,42.9614,1519,"past",1,1
-88.0048,38.52088,1133,"past",1,1
-88.0047565,38.5208828,1133,"past",20,1
-87.9842,42.098087,1476,"present",1,2
-87.955826,42.25259,1476,"present",13,2
-87.934349,41.784023,1433,"present",1,2
-87.91812,41.630646,1433,"present",2,2
-87.903984,42.104259,1476,"present",1,2
-87.901588,41.7943730000001,1433,"present",2,2
-87.895683,43.072197,1562,"present",1,2
-87.892998,43.097801,1562,"present",26,2
-87.8875145,32.8406848,661,"past",1,1
-87.8875,32.8407,661,"past",9,1
-87.8697,42.103,1476,"past",9,1
-87.806023,32.542336,618,"present",2,2
-87.80602,32.542336,618,"present",2,2
-87.803902,32.542931,618,"present",5,2
-87.798981,41.869896,1433,"present",5,2
-87.798943,41.871277,1433,"present",1,2
-87.794022,41.892685,1433,"present",4,2
-87.789696,42.148972,1476,"present",2,2
-87.725632,41.696354,1434,"present",1,2
-87.70526,41.95112,1434,"present",2,2
-87.704857,41.912746,1434,"present",1,2
-87.698883,42.081135,1477,"present",1,2
-87.693222,42.04467,1477,"present",2,2
-87.684387,42.052658,1477,"present",2,2
-87.682274,42.008938,1434,"present",2,2
-87.676971,41.952789,1434,"present",2,2
-87.67588,41.9528350000001,1434,"present",4,2
-87.669334,41.978619,1434,"present",2,2
-87.660706,42.000011,1434,"present",2,2
-87.65642,41.99986,1434,"present",1,2
-87.640846,41.938732,1434,"present",1,2
-87.633827,41.939144,1434,"present",1,2
-87.6297982,41.8781136,1434,"past",1,1
-87.616814,41.891636,1434,"present",2,2
-87.5958396,32.7045753,661,"past",48,1
-87.396454,32.950008,662,"present",4,2
-87.3038926,36.8433771,1005,"past",4,1
-87.0342,32.0871,576,"past",2,1
-87.0341526,32.0870889,576,"past",1,1
-86.965279,36.08287,963,"present",2,2
-86.909012,36.07869,963,"present",2,2
-86.87225,35.79736,920,"present",1,2
-86.833,36.080002,963,"present",3,2
-86.828979,33.425034,706,"present",2,2
-86.81299,36.28623,963,"present",20,2
-86.79512,36.130177,963,"present",4,2
-86.781601,36.162663,963,"present",2,2
-86.7816,36.1627,963,"past",1,1
-86.687553,35.977444,920,"present",2,2
-86.686264,33.425774,706,"present",2,2
-86.56555,33.30187,706,"present",6,2
-86.424187,39.910755,1264,"present",8,2
-86.380142,39.627743,1264,"present",5,2
-86.37565,39.70494,1264,"present",27,2
-86.3549774,33.2781686,706,"past",8,1
-86.345215,39.994583,1307,"present",4,2
-86.344681,39.994514,1307,"present",2,2
-86.344513,39.994469,1307,"present",1,2
-86.30977,40.19327,1307,"present",13,2
-86.264549,39.950382,1307,"present",9,2
-86.251427,39.814758,1264,"present",1,2
-86.18768,33.315643,707,"past",30,1
-86.187,33.31564297,707,"past",1,1
-86.182289,39.585384,1264,"present",13,2
-86.175911,39.90163,1264,"present",34,2
-86.165543,39.881878,1264,"present",2,2
-86.161446,39.844189,1264,"present",4,2
-86.161232,39.871071,1264,"present",15,2
-86.1581,39.7684,1264,"past",7,1
-86.156189,39.911125,1264,"present",1,2
-86.118439,39.936066,1307,"present",14,2
-86.093376,39.974331,1307,"present",8,2
-86.0855232,38.031738,1136,"past",32,1
-86.0855,38.0317,1136,"past",1,1
-86.03698,42.14794,1479,"present",8,2
-85.971687,39.626614,1265,"present",4,2
-85.955193,38.595692,1179,"present",7,2
-85.93723,38.1899,1136,"present",20,2
-85.892448,42.176537,1479,"present",2,2
-85.8241312,38.2856247,1136,"past",3,1
-85.801704,38.197929,1136,"present",1,2
-85.7995,38.260456,1136,"present",1,2
-85.77179,38.214298,1136,"present",1,2
-85.7625,38.216927,1136,"present",2,2
-85.762497,38.216927,1136,"present",34,2
-85.762001,38.215855,1136,"present",1,2
-85.761429,38.215794,1136,"present",2,2
-85.758713,38.217335,1136,"present",1,2
-85.758453,38.252666,1136,"present",1,2
-85.73214,39.6536699999999,1265,"present",10,2
-85.71772,35.20838,879,"present",5,2
-85.645737,42.305546,1480,"present",2,2
-85.642654,42.306366,1480,"present",2,2
-85.642632,42.3064189999999,1480,"present",2,2
-85.642555,42.306362,1480,"present",2,2
-85.633087,38.25724,1136,"present",23,2
-85.613754,42.279087,1480,"present",5,2
-85.610085,38.078102,1137,"present",2,2
-85.609924,42.204594,1480,"present",5,2
-85.5817911,42.3679028,1523,"past",1,1
-85.524467,38.192722,1137,"present",5,2
-85.5226152,45.7453562,1780,"past",5,1
-85.374443,35.340179,880,"present",3,2
-85.37119,42.09477,1480,"present",2,2
-85.34357,42.382767,1523,"present",2,2
-85.30728,38.13642,1137,"present",10,2
-85.29594,42.58356,1523,"present",8,2
-85.2672,35.037,880,"past",13,1
-85.1816,34.66533,837,"present",6,2
-85.11244,35.15375,880,"present",19,2
-85.003891,34.775036,837,"present",3,2
-85.00389,34.775036,837,"present",1,2
-84.9738349,34.9011886,880,"past",1,1
-84.890862,39.789318,1266,"present",7,2
-84.731422,39.517929,1267,"present",2,2
-84.58097,34.60792,838,"present",3,2
-84.5458,39.2337,1224,"past",1,1
-84.5457778,39.2336687,1224,"past",28,1
-84.52579,39.05407,1224,"present",30,2
-84.5120196,39.1031182,1224,"past",11,1
-84.512,39.1031,1224,"past",1,1
-84.448,39.54122,1267,"present",18,2
-84.3694,39.6262,1267,"past",3,1
-84.3693882,39.6261682,1267,"past",27,1
-84.36916,40.02841,1310,"present",4,2
-84.35938,36.07138,967,"present",7,2
-84.3426997,33.1023454,710,"past",1,1
-84.28634,35.96397,967,"present",2,2
-84.286339,35.96397,967,"present",19,2
-84.282593,35.96582,967,"present",5,2
-84.28259,35.96582,967,"present",2,2
-84.222099,36.042099,967,"present",2,2
-84.2033,40.0395,1310,"past",2,1
-84.182137,39.644062,1267,"present",1,2
-84.172203,35.879211,967,"present",29,2
-84.151215,39.191589,1225,"present",2,2
-84.12839,42.285683,1525,"present",2,2
-84.128387,42.285683,1525,"present",6,2
-84.12608,41.4905,1439,"present",5,2
-84.089417,42.408268,1525,"present",1,2
-84.04279,41.97818,1482,"present",2,2
-84.0005,40.8723,1396,"past",1,1
-83.965218,35.781132,925,"present",1,2
-83.95833,42.46608,1525,"present",25,2
-83.950249,36.03521,968,"present",18,2
-83.941086,35.633415,925,"present",9,2
-83.937325,35.84922,968,"present",2,2
-83.935112,36.04776,968,"present",2,2
-83.9207392,35.9606384,968,"past",12,1
-83.9207,35.9606,968,"past",1,1
-83.910217,36.013115,968,"present",2,2
-83.889839,35.996983,968,"present",1,2
-83.8895,38.99334,1225,"present",1,2
-83.879494,36.176056,968,"present",1,2
-83.870483,35.94458,968,"present",8,2
-83.870239,35.957142,968,"present",16,2
-83.866669,35.957573,968,"present",12,2
-83.866592,35.957191,968,"present",24,2
-83.866074,35.94849,968,"present",9,2
-83.865341,35.950321,968,"present",12,2
-83.864532,35.95797,968,"present",19,2
-83.8449,38.7456,1225,"past",8,1
-83.82693,35.52261,925,"present",9,2
-83.783287,35.603577,925,"present",3,2
-83.782997,35.603413,925,"present",50,2
-83.77173,42.2835,1525,"present",2,2
-83.771729,42.283279,1525,"present",11,2
-83.771729,42.283501,1525,"present",45,2
-83.74828,36.0098,968,"present",11,2
-83.748,40.5067,1354,"past",3,1
-83.748,40.50672,1354,"past",4,1
-83.7479894,40.506718,1354,"past",62,1
-83.747101,35.688911,925,"present",7,2
-83.7444,38.6412,1182,"past",13,1
-83.744365,38.6411854,1182,"past",8,1
-83.7430378,42.2808256,1525,"past",4,1
-83.743,42.2808,1525,"past",12,1
-83.72437,39.96683,1311,"present",7,2
-83.70118,42.304653,1525,"present",2,2
-83.698807,35.637402,925,"present",24,2
-83.695915,35.642799,925,"present",31,2
-83.695915,35.6428,925,"present",2,2
-83.693382,42.241814,1525,"present",25,2
-83.692863,35.640373,925,"present",11,2
-83.69286,35.640373,925,"present",1,2
-83.69259,35.642117,925,"present",2,2
-83.692589,35.642117,925,"present",21,2
-83.68988,35.644516,925,"present",16,2
-83.689034,35.640625,925,"present",44,2
-83.687721,35.639874,925,"present",61,2
-83.68772,35.639874,925,"present",1,2
-83.687592,42.091091,1482,"present",2,2
-83.6875,43.0125,1568,"past",10,1
-83.6874562,43.0125274,1568,"past",7,1
-83.68743,35.642353,925,"present",2,2
-83.674103,41.665699,1440,"present",2,2
-83.651321,41.374775,1440,"past",2,1
-83.6513,41.3748,1440,"past",6,1
-83.60972,35.69667,925,"present",2,2
-83.609718,35.696671,925,"present",3,2
-83.59095,35.664433,925,"present",32,2
-83.55471,40.94054,1397,"present",3,2
-83.537605,35.686604,925,"present",26,2
-83.50313,35.685448,925,"present",2,2
-83.503128,35.685448,925,"present",20,2
-83.501945,35.690765,925,"present",10,2
-83.50127,35.688396,925,"present",1,2
-83.501266,35.688396,925,"present",6,2
-83.501083,35.688751,925,"present",5,2
-83.50108,35.6887499999999,925,"present",2,2
-83.473297,41.630836,1440,"present",4,2
-83.46812,41.42758,1440,"present",12,2
-83.46592,42.626625,1526,"present",1,2
-83.3674,36.672039,1011,"past",29,1
-83.201,42.88987,1569,"present",8,2
-83.196088,42.2142,1526,"past",9,1
-83.1499239,42.2142064,1526,"past",7,1
-83.1499,42.2142,1526,"past",12,1
-83.094261,42.515854,1526,"present",1,2
-83.020699,42.809578,1569,"present",2,2
-83.013,42.8028,1569,"past",1,1
-82.9762589,33.2757006,755,"past",5,1
-82.90238,40.8747300000001,1398,"present",3,2
-82.507011,41.379745,1441,"present",2,2
-82.3652,40.9653,1399,"past",1,1
-82.3651646,40.9653333,1399,"past",15,1
-82.3454,40.31965,1356,"present",2,2
-82.25128,40.80559,1399,"present",17,2
-82.042366,41.49712,1442,"present",1,2
-82.02809,40.81267,1399,"present",2,2
-82.023102,40.811333,1399,"present",5,2
-81.99501,41.4802669999999,1442,"present",10,2
-81.9818,38.6176,1228,"past",1,1
-81.918243,41.372311,1442,"present",3,2
-81.89284,39.27699,1271,"present",13,2
-81.885353,40.709988,1400,"present",7,2
-81.88535,40.709988,1400,"present",2,2
-81.885284,40.7103390000001,1400,"present",15,2
-81.8682,40.3451,1357,"past",1,1
-81.8681894,40.3450687,1357,"past",14,1
-81.864555,41.437077,1442,"present",6,2
-81.841103,41.317673,1442,"present",1,2
-81.7516708,39.1882896,1271,"past",11,1
-81.7195533,33.5604168,800,"past",7,1
-81.69993,40.2477,1357,"present",4,2
-81.6943605,41.49932,1486,"past",36,1
-81.693153,41.433689,1443,"present",15,2
-81.60149,40.73313,1400,"present",4,2
-81.5591,38.2982,1186,"past",11,1
-81.5017,41.21865,1443,"present",25,2
-81.4764,41.4551,1443,"present",1,2
-81.45635,31.7642400000001,629,"present",3,2
-81.45607,41.632385,1486,"present",1,2
-81.4548436,39.415352,1272,"past",6,1
-81.4548,39.4154,1272,"past",7,1
-81.45312,38.233,1186,"present",2,2
-81.441483,38.557934,1229,"present",6,2
-81.44148,38.557934,1229,"present",1,2
-81.3944,39.0633,1272,"past",1,1
-81.374405,40.814983,1400,"present",1,2
-81.36692,32.25207,672,"present",3,2
-81.352043,41.138271,1443,"present",1,2
-81.182037,34.048958,844,"present",2,2
-81.1637,33.8361,801,"past",6,1
-81.148392,37.991146,1187,"present",2,2
-81.14839,37.991146,1187,"present",2,2
-81.1459,41.0998,1444,"past",1,1
-81.14473,41.480042,1486,"present",3,2
-81.1437098,41.3125552,1444,"past",27,1
-81.1425,41.386944,1443,"past",1,1
-81.124901,34.088436,844,"present",2,2
-81.113472,38.044937,1187,"present",2,2
-81.113167,38.046703,1187,"present",3,2
-81.098984,40.905434,1401,"present",2,2
-81.091203,32.0808989,673,"past",3,1
-81.0699858,41.2385717,1444,"past",1,1
-81.049819,41.7711633,1486,"past",7,1
-81.024376,33.995293,844,"present",2,2
-80.95305,40.65735,1401,"present",6,2
-80.84891,41.14232,1444,"present",12,2
-80.7898089,41.8650534,1487,"past",23,1
-80.7898,41.86505,1487,"past",1,1
-80.7698066,41.7386662,1487,"past",1,1
-80.741478,41.329971,1444,"present",5,2
-80.695976,41.887054,1530,"present",4,2
-80.6770787,39.2367791,1273,"past",2,1
-80.666176,41.037216,1444,"present",1,2
-80.6147954,41.0242258,1444,"past",28,1
-80.6070237,34.2465393,845,"past",4,1
-80.607,34.2465,845,"past",12,1
-80.304787,40.695343,1402,"present",1,2
-80.225128,40.915176,1445,"present",1,2
-80.203178,40.448875,1402,"present",1,2
-80.19757,41.06268,1445,"present",14,2
-80.1514484,41.6414438,1488,"past",22,1
-80.1514,41.6414,1488,"past",1,1
-80.08762,41.54718,1488,"present",6,2
-80.036987,40.316452,1402,"present",3,2
-79.945,40.86433,1445,"present",2,2
-79.887299,40.869499,1446,"present",2,2
-79.886581,40.438656,1403,"present",3,2
-79.792,34.778,889,"past",8,1
-79.7917286,34.7782118,889,"past",2,1
-79.782715,34.928726,932,"present",2,2
-79.77167,40.01216,1360,"present",13,2
-79.7241,40.4138,1403,"present",1,2
-79.718704,40.392078,1403,"present",1,2
-79.703186,40.552586,1403,"present",6,2
-79.6847703,40.6739543,1403,"past",20,1
-79.6665277,40.4250514,1403,"past",11,1
-79.66045,40.49591,1403,"present",28,2
-79.47876,40.283012,1403,"present",5,2
-79.46894,38.47754,1232,"present",1,2
-79.398224,40.286655,1403,"present",4,2
-79.39537,35.97532,1018,"present",16,2
-79.2944964,33.376834,804,"past",1,1
-79.272057,40.160778,1361,"present",3,2
-79.220932,36.109207,1018,"present",8,2
-79.2167,33.346,804,"past",10,1
-79.194099,40.200542,1404,"present",4,2
-79.1525349,40.6214551,1404,"past",12,1
-79.13182,39.9271200000001,1361,"present",11,2
-79.085032,38.3448488,1233,"past",1,1
-79.0780831,40.008411,1361,"past",11,1
-79.0558445,35.9131996,1019,"past",39,1
-79.0558,35.9132,1019,"past",4,1
-79.04455,35.913548,1019,"present",1,2
-79.042107,35.914532,1019,"present",1,2
-79.042,35.914,1019,"present",1,2
-79.042,35.914001,1019,"present",1,2
-79.040497,35.914982,1019,"present",1,2
-79.0290483,38.3577496,1233,"past",11,1
-79.029,38.3577,1233,"past",38,1
-79.023872,35.927807,1019,"present",2,2
-79.019302,35.759575,1019,"present",2,2
-79.0192997,35.7595731,1019,"past",2,1
-79.01648,35.977894,1019,"present",2,2
-79.016479,35.977894,1019,"present",2,2
-79.0164,40.41027,1404,"present",3,2
-79.0087,35.99495,1019,"present",1,2
-79.008698,35.994949,1019,"present",2,2
-79.001747,39.653854,1318,"present",2,2
-78.929802,39.659149,1361,"present",2,2
-78.90001,35.40509,976,"present",2,2
-78.8969785,42.652282,1618,"past",5,1
-78.893616,42.911335,1618,"present",2,2
-78.872963,35.783096,1019,"present",1,2
-78.8692,43.0443599999999,1618,"present",1,2
-78.860298,43.304134,1661,"present",1,2
-78.860214,43.062473,1618,"present",1,2
-78.856316,42.978535,1618,"present",3,2
-78.85627,43.309284,1661,"present",7,2
-78.85348,35.733105,1019,"present",2,2
-78.853477,35.733105,1019,"present",3,2
-78.84387,42.7222399999999,1618,"present",2,2
-78.84343,42.722549,1618,"present",20,2
-78.84284,38.39102,1233,"present",11,2
-78.831696,42.952282,1618,"present",1,2
-78.82518,35.949524,1019,"present",4,2
-78.820328,42.949284,1618,"present",1,2
-78.81911,42.949226,1618,"present",1,2
-78.81695,35.64893,1019,"present",2,2
-78.816948,35.64893,1019,"present",32,2
-78.815742,42.985474,1618,"present",2,2
-78.813835,35.7294,1019,"present",2,2
-78.813835,35.729401,1019,"present",6,2
-78.809837,43.092091,1618,"present",12,2
-78.79,35.8884,1019,"present",47,2
-78.788826,35.814579,1019,"present",1,2
-78.78649,42.9729,1618,"present",1,2
-78.78315,42.9838370000001,1618,"present",4,2
-78.78306,43.008286,1618,"present",2,2
-78.783058,43.008286,1618,"present",12,2
-78.775703,41.962345,1533,"present",2,2
-78.741798,42.985283,1618,"present",1,2
-78.7378091,42.963947,1618,"past",4,1
-78.7378,42.96395,1618,"past",1,1
-78.73083,42.679935,1619,"present",1,2
-78.730827,42.679935,1619,"present",2,2
-78.72794,38.87369,1276,"present",3,2
-78.72683,43.090122,1618,"present",1,2
-78.72474,35.890156,1019,"present",1,2
-78.72455,35.890587,1019,"present",2,2
-78.722656,35.889854,1019,"present",2,2
-78.720772,35.899311,1019,"present",2,2
-78.713982,35.811588,1019,"present",39,2
-78.71398,35.81159,1019,"present",2,2
-78.71368,42.743504,1619,"present",2,2
-78.710281,35.886166,1019,"present",1,2
-78.709969,35.885155,1019,"present",1,2
-78.709885,35.914932,1019,"present",2,2
-78.707611,36.19149,1062,"present",6,2
-78.703041,35.867481,1019,"present",1,2
-78.689934,35.798145,1019,"present",4,2
-78.68914,35.79924,1019,"present",4,2
-78.688995,35.796909,1019,"present",2,2
-78.6884,35.799,1019,"present",2,2
-78.68824,35.799301,1019,"present",2,2
-78.688179,35.79995,1019,"present",6,2
-78.688103,35.796516,1019,"present",2,2
-78.687859,35.797493,1019,"present",4,2
-78.685806,43.087646,1619,"present",1,2
-78.66059,41.8601,1533,"present",6,2
-78.645378,35.827705,1019,"present",2,2
-78.63862,35.772095,1019,"present",1,2
-78.6317,36.60431,1062,"past",1,1
-78.6316691,36.6043073,1062,"past",25,1
-78.619591,42.763412,1619,"present",8,2
-78.61151,39.3562799999999,1319,"present",3,2
-78.5978,39.0751,1276,"past",1,1
-78.555893,35.873081,1019,"present",2,2
-78.55134,35.848007,1019,"present",2,2
-78.48938,43.23539,1662,"present",4,2
-78.440117,38.518478,1234,"present",6,2
-78.435921,38.123089,1234,"present",1,2
-78.3889024,40.4272949,1405,"past",35,1
-78.3889,40.4273,1405,"past",2,1
-78.388351,38.190468,1234,"present",1,2
-78.384766,40.005478,1362,"present",16,2
-78.381111,40.4496,1405,"present",1,2
-78.37393,40.32136,1405,"present",4,2
-78.2704,41.9688,1534,"past",1,1
-78.2703951,41.9687597,1534,"past",16,1
-78.2578085,38.3797964,1234,"past",14,1
-78.2578,38.3798,1234,"past",1,1
-78.21824,38.30132,1234,"present",13,2
-78.139771,38.890175,1277,"present",17,2
-78.13977,38.890175,1277,"present",2,2
-78.139175,38.894661,1277,"present",5,2
-78.09935,38.7834,1277,"present",29,2
-78.026627,38.793007,1277,"present",1,2
-78.0102813,40.4847959,1405,"past",7,1
-77.980349,39.1502324,1320,"past",1,1
-77.97889,39.26538,1320,"present",25,2
-77.9739,39.1517,1320,"past",32,1
-77.956192,40.710247,1448,"present",7,2
-77.9480575,42.1220124,1577,"past",7,1
-77.9300261,40.9120051,1448,"past",18,1
-77.93,40.912,1448,"past",1,1
-77.93,40.91201,1448,"past",1,1
-77.906799,40.780937,1449,"present",2,2
-77.9033314,39.8278698,1363,"past",16,1
-77.90123,36.737128,1106,"past",2,1
-77.900278,36.734722,1106,"past",57,1
-77.874504,40.806526,1449,"present",5,2
-77.869308,40.925659,1449,"present",1,2
-77.8592,37.4621,1149,"past",20,1
-77.85681,39.7473,1363,"present",7,2
-77.8367,36.7571,1106,"past",3,1
-77.820496,42.79649,1620,"present",1,2
-77.80195,38.73462,1277,"present",1,2
-77.801949,38.734619,1277,"present",2,2
-77.798103,39.189709,1320,"present",1,2
-77.79791,39.222183,1320,"present",1,2
-77.789986,40.775406,1449,"present",8,2
-77.7738827,38.8620578,1277,"past",1,1
-77.740273,39.318905,1320,"present",1,2
-77.72,39.6418,1363,"past",21,1
-77.7199932,39.6417629,1363,"past",2,1
-77.71644,37.72685,1192,"present",27,2
-77.687134,38.863987,1278,"present",2,2
-77.677895,39.125767,1321,"present",2,2
-77.671898,39.134617,1321,"present",1,2
-77.66407,39.13485,1321,"present",2,2
-77.6611022,39.9375911,1363,"past",1,1
-77.6611,39.9376,1363,"past",1,1
-77.660278,37.443256,1149,"present",1,2
-77.6449804,36.5004281,1107,"past",1,1
-77.6088465,43.1565779,1663,"past",102,1
-77.6088,43.15658,1663,"past",3,1
-77.6088,43.1566,1663,"past",1,1
-77.60768,40.7111,1449,"present",11,2
-77.606995,43.142372,1663,"present",2,2
-77.598541,38.836849,1278,"present",2,2
-77.586662,43.139965,1663,"present",1,2
-77.577141,38.74696,1278,"present",8,2
-77.569374,39.747726,1363,"present",1,2
-77.554939,37.538078,1192,"present",2,2
-77.52739,37.52118,1192,"present",1,2
-77.507004,39.75843,1364,"present",4,2
-77.47998,37.759033,1192,"present",1,2
-77.47716,37.76073,1192,"present",2,2
-77.47235,38.68992,1278,"present",53,2
-77.470818,37.620075,1192,"present",2,2
-77.462791,43.0852930000001,1663,"present",1,2
-77.454666,37.545116,1192,"present",5,2
-77.422592,39.427605,1321,"present",4,2
-77.403358,39.615498,1364,"present",1,2
-77.402229,37.491859,1193,"present",1,2
-77.396049,43.158978,1663,"present",1,2
-77.357056,38.920872,1278,"present",10,2
-77.34788,39.17128,1321,"present",51,2
-77.341675,38.9262499999999,1321,"present",1,2
-77.340401,39.247299,1321,"present",11,2
-77.3404,39.2473,1321,"present",2,2
-77.3361,37.44405,1193,"present",1,2
-77.334404,39.786205,1364,"present",2,2
-77.32963,38.845295,1278,"present",2,2
-77.329628,38.845295,1278,"present",10,2
-77.30556,40.031715,1407,"present",2,2
-77.296486,38.821663,1278,"present",1,2
-77.29625,38.82183,1278,"present",1,2
-77.25643,43.05184,1664,"present",2,2
-77.247803,39.0019759999999,1321,"present",2,2
-77.2478,39.001976,1321,"present",1,2
-77.24479,39.006413,1321,"present",2,2
-77.242874,38.815659,1278,"present",2,2
-77.2311,39.8309,1364,"past",33,1
-77.2310955,39.8309293,1364,"past",32,1
-77.22174,39.65256,1364,"present",22,2
-77.215584,38.767632,1278,"present",4,2
-77.19814,38.91819,1321,"present",1,2
-77.196671,40.202297,1407,"present",4,2
-77.19667,40.202297,1407,"present",2,2
-77.1945247,40.2086,1407,"past",3,1
-77.131508,38.970875,1321,"present",2,2
-77.12635,40.1502650000001,1407,"present",2,2
-77.12537,40.148293,1407,"present",2,2
-77.125366,40.148293,1407,"present",2,2
-77.12468,39.077477,1321,"present",1,2
-77.121925,40.16148,1407,"present",2,2
-77.119751,38.967636,1321,"present",1,2
-77.117416,39.0653190000001,1321,"present",1,2
-77.116959,40.178272,1407,"present",10,2
-77.105873,39.115051,1321,"present",1,2
-77.10305,39.849152,1364,"present",1,2
-77.095146,39.009678,1321,"present",20,2
-77.09391,40.13379,1407,"present",19,2
-77.081757,39.140881,1321,"present",1,2
-77.080002,43,1664,"present",1,2
-77.070992,38.943398,1322,"present",2,2
-77.0539,42.6609,1621,"past",1,1
-77.0538577,42.6609026,1621,"past",9,1
-77.046,38.9969,1322,"present",1,2
-77.039141,37.585865,1193,"past",43,1
-77.03672,40.107903,1407,"present",4,2
-77.032875,39.05896,1322,"present",2,2
-77.009987,39.076797,1322,"present",2,2
-77.008125,39.0807300000001,1322,"present",4,2
-76.999435,40.280037,1407,"present",2,2
-76.994583,38.93716,1322,"present",2,2
-76.98962,42.862656,1621,"present",1,2
-76.98954,38.942028,1322,"present",1,2
-76.985557,42.8679836,1621,"past",1,1
-76.982597,40.191502,1407,"present",1,2
-76.9678,39.3737,1364,"past",2,1
-76.9677566,39.3737149,1364,"past",59,1
-76.965233,38.942104,1322,"present",1,2
-76.96435,40.61502,1450,"present",5,2
-76.959236,38.979717,1322,"present",1,2
-76.95166,39.099831,1322,"present",4,2
-76.94989,38.98485,1322,"present",2,2
-76.949677,38.95332,1322,"present",2,2
-76.94772,38.986763,1322,"present",1,2
-76.94673,38.984795,1322,"present",2,2
-76.94324,38.983963,1322,"present",2,2
-76.94032,38.988155,1322,"present",1,2
-76.93943,38.982788,1322,"present",2,2
-76.9383,38.99028,1322,"present",1,2
-76.938,38.98402,1322,"present",1,2
-76.936134,38.987526,1322,"present",2,2
-76.935974,38.983994,1322,"present",2,2
-76.933136,38.962933,1322,"present",2,2
-76.93288,38.9843,1322,"present",1,2
-76.924904,40.412285,1450,"present",1,2
-76.921043,38.927269,1322,"present",4,2
-76.8627367,42.9047884,1664,"past",11,1
-76.8627,42.9048,1664,"past",1,1
-76.862251,39.233734,1322,"present",1,2
-76.83303,41.09627,1493,"present",5,2
-76.8230111,42.6764593,1621,"past",27,1
-76.823,42.6765,1621,"past",1,1
-76.81804,42.062412,1579,"present",2,2
-76.8077338,42.0897965,1579,"past",1,1
-76.796936,39.027634,1322,"present",7,2
-76.791222,40.184753,1407,"present",2,2
-76.774094,37.208267,1151,"present",2,2
-76.77409,37.208267,1151,"present",1,2
-76.7706269,40.2023821,1407,"past",1,1
-76.7706268,40.2023821,1407,"past",1,1
-76.730431,40.328682,1450,"present",4,2
-76.71853,39.07399,1322,"present",56,2
-76.70256,39.255596,1322,"present",3,2
-76.691757,38.802597,1279,"present",1,2
-76.674637,38.918751,1322,"present",4,2
-76.658577,39.208076,1322,"present",4,2
-76.6310662,36.9823709,1151,"past",2,1
-76.61022,37.05237,1151,"present",5,2
-76.590805,39.083992,1322,"present",1,2
-76.58837,39.55461,1365,"present",43,2
-76.58,39.23,1322,"past",1,1
-76.56495,42.05899,1579,"present",2,2
-76.560081,38.892887,1322,"present",26,2
-76.56008,38.892887,1322,"present",2,2
-76.560043,38.891273,1322,"present",5,2
-76.5588473,40.7889746,1451,"past",8,1
-76.556999,42.518417,1622,"present",22,2
-76.5513,40.4142109999999,1451,"present",11,2
-76.537048,38.067616,1237,"present",5,2
-76.525269,39.994823,1408,"present",3,2
-76.5104973,43.4553461,1708,"past",1,1
-76.504898,39.065994,1322,"present",6,2
-76.501884,42.443962,1622,"present",1,2
-76.49659,38.938217,1322,"present",6,2
-76.492966,38.932724,1322,"present",1,2
-76.49216,42.419384,1622,"present",2,2
-76.492157,42.419384,1622,"present",5,2
-76.485329,42.466228,1622,"present",1,2
-76.48291,37.53293,1194,"present",3,2
-76.45647,40.03516,1408,"present",19,2
-76.44521,37.006676,1151,"present",1,2
-76.407166,43.300621,1708,"present",1,2
-76.3733,38.1192,1237,"past",1,1
-76.3696491,38.1206617,1237,"past",1,1
-76.3668815,42.021741,1579,"past",24,1
-76.34663,37.713535,1194,"present",1,2
-76.3327095,43.1586786,1665,"past",5,1
-76.3327,43.15868,1665,"past",1,1
-76.331642,40.149067,1408,"present",1,2
-76.33156,42.423668,1622,"present",1,2
-76.331558,42.423668,1622,"present",1,2
-76.323044,40.101246,1408,"present",4,2
-76.32279,40.51569,1451,"present",3,2
-76.316254,40.101818,1408,"present",2,2
-76.3055144,40.0378755,1408,"past",10,1
-76.3055,40.03788,1408,"past",1,1
-76.3055,40.0379,1408,"past",1,1
-76.2983,36.8354,1152,"past",1,1
-76.2982742,36.8354258,1152,"past",7,1
-76.296043,43.207588,1665,"present",1,2
-76.29604,43.20759,1665,"present",1,2
-76.283745,39.560318,1365,"present",6,2
-76.251785,40.183697,1408,"present",6,2
-76.241127,42.106209,1579,"present",1,2
-76.2288176,43.4595138,1708,"past",3,1
-76.22327,38.49347,1280,"present",10,2
-76.215538,42.107731,1579,"present",2,2
-76.21447,40.527336,1451,"present",1,2
-76.212914,43.040955,1665,"present",7,2
-76.208481,36.906773,1152,"present",1,2
-76.20848,36.906773,1152,"present",1,2
-76.20604,36.902622,1152,"present",2,2
-76.206039,36.902622,1152,"present",17,2
-76.204895,36.90247,1152,"present",5,2
-76.200203,36.901581,1152,"present",1,2
-76.2002,36.90158,1152,"present",2,2
-76.19695,36.90451,1152,"present",1,2
-76.19651,36.90458,1152,"present",1,2
-76.196022,36.90799,1152,"present",15,2
-76.19602,36.90799,1152,"present",2,2
-76.195656,36.908554,1152,"present",4,2
-76.121803,40.2070620000001,1408,"present",1,2
-76.1007713,40.654813,1451,"past",4,1
-76.09089,38.97352,1323,"present",15,2
-76.0763305,38.7742826,1323,"past",13,1
-76.069687,38.776043,1323,"present",2,2
-76.046921,40.162682,1409,"present",3,2
-76.036331,40.799053,1494,"present",4,2
-75.979095,43.02787,1665,"present",2,2
-75.96233,42.983814,1665,"present",2,2
-75.936981,38.954849,1323,"present",7,2
-75.934799,38.953266,1323,"present",2,2
-75.93177,38.957569,1323,"present",2,2
-75.926567,39.76025,1409,"present",1,2
-75.925224,40.114258,1409,"present",1,2
-75.91072,41.95748,1580,"present",6,2
-75.87133,40.318806,1452,"present",4,2
-75.829926,41.986366,1580,"present",2,2
-75.82081,39.93332,1409,"present",36,2
-75.78389,40.429977,1452,"present",6,2
-75.779984,39.708984,1409,"present",2,2
-75.77998,39.708984,1409,"present",1,2
-75.68304,40.41314,1452,"present",34,2
-75.66295,40.633945,1452,"present",2,2
-75.662949,40.633945,1452,"present",13,2
-75.60901,40.268185,1452,"present",1,2
-75.58493,40.634953,1452,"past",6,1
-75.56945,40.54943,1452,"present",2,2
-75.557121,39.930927,1409,"present",2,2
-75.5566056,44.2831156,1795,"past",2,1
-75.54341,40.89295,1495,"present",10,2
-75.521538,40.5853839999999,1452,"present",12,2
-75.504723,40.680683,1495,"present",6,2
-75.4918505,43.786736,1752,"past",3,1
-75.4863364,44.6942291,1837,"past",11,1
-75.4691,40.099,1409,"past",7,1
-75.4586,40.19504,1452,"present",2,2
-75.45799,40.19316,1452,"present",2,2
-75.45676,40.197044,1452,"present",2,2
-75.454597,40.651798,1495,"present",4,2
-75.450333,40.048126,1410,"present",1,2
-75.44413,39.95372,1410,"present",2,2
-75.4405,39.9173,1410,"past",7,1
-75.4404746,39.9173332,1410,"past",47,1
-75.42672,39.937286,1410,"present",2,2
-75.410004,40.201126,1453,"present",2,2
-75.40326,40.55873,1452,"present",2,2
-75.364311,40.517921,1452,"present",4,2
-75.3599105,40.0462208,1410,"past",50,1
-75.3599,40.0462,1410,"past",6,1
-75.353195,40.372299,1453,"present",1,2
-75.340515,40.128613,1453,"present",12,2
-75.315399,40.64323,1495,"present",3,2
-75.3096237,40.740375,1495,"past",16,1
-75.3096,40.7404,1495,"past",1,1
-75.298874,39.879257,1410,"present",2,2
-75.2878235,39.9593175,1410,"past",27,1
-75.2878,39.9593,1410,"past",33,1
-75.2878,39.95932,1410,"past",2,1
-75.2591,39.9184,1410,"past",20,1
-75.2590721,39.9184461,1410,"past",14,1
-75.2479061,40.4107964,1453,"past",1,1
-75.2207323,40.688432,1496,"past",25,1
-75.2207,40.6884,1496,"past",2,1
-75.18697,39.82827,1410,"present",46,2
-75.179405,40.315739,1453,"present",2,2
-75.1652215,39.9525839,1410,"past",1,1
-75.1652,39.9526,1410,"past",8,1
-75.151962,40.385986,1453,"present",2,2
-75.126907,40.234077,1453,"present",1,2
-75.104736,40.323967,1453,"present",4,2
-75.083557,40.546528,1453,"present",3,2
-75.04516,40.3073600000001,1453,"present",35,2
-74.9489,39.9689,1410,"past",11,1
-74.9420667,40.4460019,1453,"past",3,1
-74.90143,40.78642,1496,"present",18,2
-74.874466,39.955685,1410,"present",6,2
-74.8648873,40.071222,1453,"past",19,1
-74.80201,40.38504,1453,"present",3,2
-74.755402,39.984901,1411,"present",2,2
-74.7376619,40.5687141,1496,"past",3,1
-74.680779,40.128891,1454,"present",2,2
-74.66971,40.73319,1496,"present",1,2
-74.647385,39.643955,1411,"present",1,2
-74.604317,40.777012,1496,"present",2,2
-74.40919,40.19838,1454,"present",25,2
-74.405663,40.058323,1454,"present",2,2
-74.39874,40.6126,1497,"present",2,2
-74.36138,41.670635,1582,"present",2,2
-74.320992,40.783974,1497,"present",2,2
-74.311,40.8058,1497,"present",1,2
-74.3000878,40.2136754,1454,"past",6,1
-74.292297,40.633701,1497,"present",2,2
-74.2646297,40.731254,1497,"past",3,1
-74.254417,40.672997,1497,"present",1,2
-74.253143,41.898911,1582,"present",1,2
-74.234406,41.730396,1583,"present",2,2
-74.2231,41.3126,1540,"present",1,2
-74.222038,41.8571590000001,1583,"present",2,2
-74.199905,41.931305,1626,"present",1,2
-74.196243,41.786282,1583,"present",2,2
-74.172363,40.735657,1497,"past",1,1
-74.167046,39.935585,1454,"present",1,2
-74.140076,42.515305,1668,"present",10,2
-74.13968,42.515385,1668,"present",1,2
-74.126534,41.795734,1583,"present",2,2
-74.121124,40.373085,1454,"present",5,2
-74.119392,41.745537,1583,"present",17,2
-74.11939,41.745537,1583,"present",1,2
-74.116821,41.744244,1583,"present",2,2
-74.11682,41.744244,1583,"present",2,2
-74.100502,41.731892,1583,"present",2,2
-74.1005,41.73189,1583,"present",1,2
-74.085907,41.743961,1583,"present",5,2
-74.083565,41.746632,1583,"present",2,2
-74.075989,41.724197,1583,"present",1,2
-74.017372,40.94595,1540,"present",1,2
-74.015259,40.718292,1497,"present",1,2
-74.01135,41.413116,1583,"present",2,2
-74.007751,40.892975,1540,"present",6,2
-74.0059728,40.7127753,1497,"past",88,1
-73.99733,40.73082,1497,"present",26,2
-73.997101,40.655563,1497,"present",7,2
-73.99083,41.0638850000001,1540,"present",1,2
-73.990829,41.063885,1540,"present",1,2
-73.987572,40.742096,1497,"present",2,2
-73.987457,40.652672,1497,"present",18,2
-73.983,41.52092,1583,"past",1,1
-73.979569,41.5003799,1583,"past",24,1
-73.974792,40.766399,1497,"present",3,2
-73.970512,40.787159,1497,"present",1,2
-73.965942,40.669498,1497,"present",28,2
-73.96594,40.6695,1497,"present",2,2
-73.963432,40.665085,1497,"present",8,2
-73.96343,40.665085,1497,"present",2,2
-73.96191,40.667572,1497,"present",1,2
-73.961906,40.667572,1497,"present",3,2
-73.9594,40.6415,1497,"past",30,1
-73.9593998,40.6414876,1497,"past",29,1
-73.9559721,41.3914827,1583,"past",37,1
-73.95337,41.866013,1583,"present",2,2
-73.953369,41.866013,1583,"present",26,2
-73.94668,40.683163,1497,"present",1,2
-73.946678,40.683163,1497,"present",1,2
-73.94619,40.62258,1497,"present",1,2
-73.91787,40.88055,1540,"present",1,2
-73.914444,40.883682,1540,"present",7,2
-73.90878,40.666187,1498,"present",1,2
-73.908508,42.020241,1626,"present",6,2
-73.900162,41.694096,1583,"present",2,2
-73.898468,41.689789,1583,"present",1,2
-73.897469,41.68605,1583,"present",3,2
-73.897293,41.68623,1583,"present",2,2
-73.897133,41.687824,1583,"present",2,2
-73.897102,41.687801,1583,"present",2,2
-73.896805,41.687809,1583,"present",2,2
-73.896698,41.687698,1583,"present",1,2
-73.89653,41.68936,1583,"present",1,2
-73.89653,41.689362,1583,"present",5,2
-73.895988,41.684994,1583,"present",2,2
-73.895973,41.684834,1583,"present",2,2
-73.895912,41.684799,1583,"present",1,2
-73.895897,41.686298,1583,"present",2,2
-73.895866,41.684708,1583,"present",2,2
-73.895546,41.667408,1583,"present",41,2
-73.895378,41.689888,1583,"present",2,2
-73.895287,41.686794,1583,"present",2,2
-73.8946,41.688,1583,"present",1,2
-73.885437,40.75375,1498,"present",20,2
-73.882217,40.865631,1540,"present",1,2
-73.879341,40.866119,1540,"present",46,2
-73.879211,40.865597,1540,"present",2,2
-73.879005,40.861065,1497,"present",9,2
-73.878731,40.86668,1540,"present",4,2
-73.878471,40.8603249999999,1497,"present",4,2
-73.878471,40.86039,1497,"present",10,2
-73.87847,40.8603249999999,1497,"present",2,2
-73.878441,40.863754,1540,"present",1,2
-73.878288,40.863934,1540,"present",1,2
-73.878288,40.86404,1540,"present",30,2
-73.878189,40.860519,1497,"present",1,2
-73.877754,40.860653,1497,"present",2,2
-73.876656,40.863445,1540,"present",59,2
-73.87572,40.866283,1540,"present",1,2
-73.875717,40.866283,1540,"present",109,2
-73.875191,40.862221,1540,"present",104,2
-73.874001,40.865566,1540,"present",4,2
-73.871567,41.189075,1540,"present",17,2
-73.85345,41.910194,1626,"present",1,2
-73.853447,41.910194,1626,"present",2,2
-73.847786,42.68232,1669,"present",1,2
-73.847052,40.7280134,1498,"past",1,1
-73.832298,40.709675,1498,"present",1,2
-73.82689,41.211025,1540,"present",2,2
-73.826889,41.211025,1540,"present",52,2
-73.826675,40.83895,1498,"present",2,2
-73.825096,40.616577,1498,"present",1,2
-73.809311,40.755829,1498,"present",1,2
-73.800575,42.672409,1669,"present",2,2
-73.794258,42.662521,1669,"present",2,2
-73.782425,43.37375,1754,"present",1,2
-73.7629097,41.0339862,1541,"past",5,1
-73.75367,42.706818,1669,"present",1,2
-73.752335,42.716637,1669,"present",3,2
-73.752144,42.72213,1669,"present",1,2
-73.750496,40.951477,1541,"present",1,2
-73.749847,42.316715,1626,"present",1,2
-73.749458,42.719803,1669,"present",1,2
-73.740723,41.0346149999999,1541,"present",8,2
-73.7355,41.73104,1583,"present",1,2
-73.732552,41.78344,1583,"present",18,2
-73.73255,41.78344,1583,"present",2,2
-73.731003,41.78577,1583,"present",20,2
-73.731,41.78577,1583,"present",1,2
-73.730446,41.126884,1541,"present",2,2
-73.7303,41.124557,1541,"present",1,2
-73.710182,42.82711,1669,"present",3,2
-73.70417,42.36978,1669,"present",2,2
-73.70417,42.369781,1669,"present",16,2
-73.702225,40.74703,1498,"present",1,2
-73.701225,41.052574,1541,"present",2,2
-73.689102,40.976376,1541,"present",15,2
-73.6891,40.976376,1541,"present",2,2
-73.64992,43.012966,1712,"present",2,2
-73.649918,43.012966,1712,"present",37,2
-73.622284,41.18534,1541,"present",1,2
-73.622284,41.185341,1541,"present",3,2
-73.62034,41.856613,1626,"present",1,2
-73.620338,41.856613,1626,"present",5,2
-73.606598,41.809883,1583,"present",1,2
-73.59787,42.275463,1626,"present",45,2
-73.595032,42.35268,1669,"present",2,2
-73.59503,42.35268,1669,"present",2,2
-73.5948391,42.3642516,1669,"past",15,1
-73.59346,42.270908,1626,"present",55,2
-73.59346,42.27091,1626,"present",2,2
-73.591904,43.09248,1712,"present",40,2
-73.589012,41.257492,1541,"present",5,2
-73.58649,41.776165,1583,"present",1,2
-73.586487,41.776165,1583,"present",2,2
-73.5719051,41.3350356,1584,"past",10,1
-73.5719,41.335,1584,"past",1,1
-73.5719,41.33504,1584,"past",1,1
-73.552994,40.710114,1498,"present",2,2
-73.5464194,42.323384,1669,"past",25,1
-73.5464,42.32338,1669,"past",1,1
-73.5464,42.3234,1669,"past",1,1
-73.538727,41.3247569999999,1584,"present",1,2
-73.471428,44.699764,1840,"past",15,1
-73.45732,41.25615,1541,"present",2,2
-73.457031,41.259045,1541,"present",17,2
-73.4529,44.6995,1840,"past",1,1
-73.4348438,41.2556512,1541,"past",4,1
-73.43345,42.936153,1712,"present",2,2
-73.401146,41.324959,1584,"present",1,2
-73.396804,42.4642991,1669,"past",6,1
-73.3968,42.4643,1669,"past",11,1
-73.393814,41.325523,1584,"present",6,2
-73.382309,42.233723,1627,"present",1,2
-73.381676,42.452244,1669,"present",5,2
-73.378174,42.14682,1627,"present",3,2
-73.3677,42.373,1670,"past",1,1
-73.3676804,42.3729519,1670,"past",9,1
-73.292381,42.1753809999999,1627,"present",2,2
-73.2612615,41.1408363,1541,"past",11,1
-73.254723,41.187309,1541,"present",3,2
-73.2426251,43.2362846,1712,"past",7,1
-73.227626,44.3806065,1841,"past",2,1
-73.2214,44.480114,1841,"present",1,2
-73.22085,40.72865,1499,"present",1,2
-73.2121,44.4759,1841,"past",2,1
-73.212072,44.4758825,1841,"past",10,1
-73.2037,42.712,1670,"past",6,1
-73.19423,44.475513,1841,"present",1,2
-73.19422,44.475353,1841,"present",2,2
-73.193855,44.475414,1841,"present",4,2
-73.179832,43.6106223,1755,"past",18,1
-73.1798,43.6106,1755,"past",1,1
-73.160126,40.741177,1542,"present",2,2
-73.126343,40.90255,1542,"present",2,2
-73.12323,40.901848,1542,"present",2,2
-73.121841,41.602745,1584,"present",1,2
-73.120705,40.907997,1542,"present",2,2
-73.0876119,43.7981195,1798,"past",42,1
-73.0876,43.7981,1798,"past",4,1
-73.083755,40.757755,1542,"present",1,2
-73.0112117,42.66675,1670,"past",25,1
-72.9157,45.12159,1884,"past",2,1
-72.9157,45.1216,1884,"past",1,1
-72.915659,45.121587,1884,"past",49,1
-72.86548,44.52509,1841,"present",2,2
-72.7539,43.7839,1799,"past",1,1
-72.7538555,43.7839353,1799,"past",12,1
-72.725998,41.764,1628,"present",2,2
-72.678635,42.255589,1671,"present",1,2
-72.669067,41.96722,1628,"present",2,2
-72.669052,41.967167,1628,"present",2,2
-72.659904,42.286816,1671,"present",2,2
-72.653793,42.286526,1671,"present",13,2
-72.65379,42.286526,1671,"present",1,2
-72.6506488,41.5623209,1585,"past",39,1
-72.649925,42.314152,1671,"present",2,2
-72.648468,42.31424,1671,"present",2,2
-72.642982,42.318691,1671,"present",5,2
-72.6395,42.316784,1671,"present",2,2
-72.6031451,41.860376,1628,"past",12,1
-72.569908,42.266083,1671,"present",1,2
-72.558563,42.077522,1628,"present",25,2
-72.55856,42.077522,1628,"present",1,2
-72.54509,43.6133,1756,"present",4,2
-72.527138,42.393028,1671,"present",1,2
-72.52389,43.629955,1756,"present",1,2
-72.52055,43.631424,1756,"present",1,2
-72.4785,41.6893,1628,"present",2,2
-72.461853,44.341782,1842,"present",2,2
-72.46122,44.3409499999999,1842,"present",7,2
-72.402084,42.281303,1671,"present",1,2
-72.3726071,44.6367179,1842,"past",4,1
-72.351234,42.458523,1671,"present",3,2
-72.346504,42.44235,1671,"present",1,2
-72.3459,42.418087,1671,"present",2,2
-72.345314,42.448402,1671,"present",2,2
-72.344215,42.456135,1671,"present",19,2
-72.309204,42.967148,1714,"present",1,2
-72.305519,40.946373,1543,"present",1,2
-72.3012,41.702,1628,"past",2,1
-72.3011917,41.7020432,1628,"past",58,1
-72.29271,43.698803,1799,"present",1,2
-72.2926,40.9979,1543,"past",3,1
-72.2925819,40.9978773,1543,"past",1,1
-72.28438,43.7053,1799,"present",1,2
-72.28407,43.70593,1799,"present",1,2
-72.284058,42.88443,1714,"present",1,2
-72.282486,43.713066,1799,"present",2,2
-72.27799,41.60542,1628,"present",1,2
-72.275505,43.69937,1799,"present",2,2
-72.26169,43.714233,1799,"present",1,2
-72.24902,43.63432,1799,"present",2,2
-72.238472,42.264393,1671,"present",2,2
-72.18591,42.673504,1714,"present",2,2
-72.17261,42.538097,1671,"present",2,2
-72.17213,42.542778,1671,"present",2,2
-72.172127,42.542778,1671,"present",3,2
-72.144,43.6406,1800,"past",2,1
-72.14398,43.64063,1800,"past",9,1
-72.142914,43.726032,1800,"present",1,2
-72.012825,42.173531,1672,"present",1,2
-72.0112598,41.5224785,1586,"past",1,1
-71.96585,42.611107,1714,"present",1,2
-71.94914,42.878605,1714,"present",1,2
-71.923103,42.168648,1672,"present",1,2
-71.9227434,44.7019193,1885,"past",12,1
-71.9227,44.7019,1885,"past",1,1
-71.917282,42.078682,1672,"present",1,2
-71.91699,43.162205,1757,"present",1,2
-71.91456,43.163708,1757,"present",1,2
-71.911346,42.15942,1672,"present",1,2
-71.894363,42.100708,1672,"present",2,2
-71.8125769,42.9875825,1714,"past",4,1
-71.8023,42.2626,1672,"past",1,1
-71.8022934,42.2625932,1672,"past",16,1
-71.74471,42.798477,1715,"present",1,2
-71.706001,43.760921,1800,"present",1,2
-71.702568,44.767391,1886,"present",1,2
-71.70256,44.7673839999999,1886,"present",3,2
-71.65794,42.837536,1715,"present",1,2
-71.65558,42.9149200000001,1715,"present",1,2
-71.6302532,42.0772429,1672,"past",12,1
-71.627769,41.383457,1587,"present",1,2
-71.5580393,44.6544572,1886,"past",10,1
-71.5523,42.1057,1672,"past",13,1
-71.5522859,42.1056525,1672,"past",1,1
-71.539925,43.244305,1758,"present",2,2
-71.4992185,41.3689269,1587,"past",1,1
-71.4856,41.3731,1587,"past",7,1
-71.4774291,41.5800945,1630,"past",1,1
-71.4548,42.99564,1758,"past",1,1
-71.4547891,42.9956397,1758,"past",22,1
-71.454247,43.290432,1758,"present",1,2
-71.437515,41.482742,1630,"present",1,2
-71.43165,41.842804,1630,"present",1,2
-71.420189,42.25993,1672,"present",2,2
-71.407219,42.268288,1672,"present",3,2
-71.398697,41.833656,1630,"present",2,2
-71.39413,42.096577,1673,"present",1,2
-71.38613,44.1711,1843,"present",2,2
-71.38585,44.167084,1843,"present",2,2
-71.38548,44.171883,1843,"present",2,2
-71.3739272,42.8651298,1715,"past",26,1
-71.362434,42.293243,1672,"present",3,2
-71.3565439,41.9695516,1673,"past",55,1
-71.355217,42.545998,1715,"present",20,2
-71.3545,42.546036,1715,"present",26,2
-71.3283,42.300465,1672,"present",1,2
-71.324806,43.300652,1758,"present",2,2
-71.3097879,42.3363548,1672,"past",1,1
-71.303253,42.294979,1673,"present",3,2
-71.28844,44.06695,1844,"present",2,2
-71.28738,44.065113,1844,"present",2,2
-71.28693,42.326015,1673,"present",1,2
-71.28148,42.30938,1673,"present",1,2
-71.281479,42.30938,1673,"present",3,2
-71.2586,42.365437,1673,"present",1,2
-71.25741,42.36683,1673,"present",2,2
-71.257408,42.366829,1673,"present",6,2
-71.2537,44.2587199999999,1844,"present",2,2
-71.25368,44.24566,1844,"present",1,2
-71.2536,44.26109,1844,"present",2,2
-71.2535,44.25832,1844,"present",1,2
-71.253,44.25866,1844,"present",2,2
-71.253,44.26144,1844,"present",2,2
-71.253,44.2629,1844,"present",2,2
-71.250465,44.255665,1844,"present",2,2
-71.2356113,42.3764852,1673,"past",11,1
-71.2356,42.3765,1673,"past",2,1
-71.2083316,43.3702912,1758,"past",4,1
-71.2083,43.37029,1758,"past",1,1
-71.199,42.477,1716,"present",1,2
-71.188095,42.40185,1716,"present",1,2
-71.188095,42.401852,1716,"present",5,2
-71.184654,42.402618,1716,"present",3,2
-71.184654,42.40262,1716,"present",1,2
-71.170273,42.33514,1673,"present",1,2
-71.16835,42.40141,1716,"present",1,2
-71.16593,42.3450739999999,1673,"present",1,2
-71.1631137,42.7070354,1716,"past",7,1
-71.158623,42.461346,1716,"present",6,2
-71.146004,42.386902,1716,"present",3,2
-71.146,42.3869,1716,"present",2,2
-71.129082,42.296288,1673,"present",2,2
-71.128052,42.296417,1673,"present",26,2
-71.12606,42.30024,1673,"present",12,2
-71.124771,42.300278,1673,"present",12,2
-71.124626,42.4556660000001,1716,"present",5,2
-71.124443,42.349655,1673,"present",2,2
-71.12444,42.349655,1673,"present",2,2
-71.12429,42.349716,1673,"present",1,2
-71.12426,42.4546,1716,"present",2,2
-71.12426,42.454601,1716,"present",2,2
-71.124245,42.349522,1673,"present",2,2
-71.124077,42.455154,1716,"present",1,2
-71.123512,42.455235,1716,"present",4,2
-71.12351,42.455235,1716,"present",2,2
-71.122452,42.305161,1673,"present",14,2
-71.120773,42.307365,1673,"present",4,2
-71.120758,42.3076209999999,1673,"present",1,2
-71.120613,42.223995,1673,"present",8,2
-71.12031,42.30382,1673,"present",2,2
-71.119911,42.307705,1673,"present",3,2
-71.115143,42.309734,1673,"present",2,2
-71.11028,42.540497,1716,"present",1,2
-71.108315,42.386509,1716,"present",15,2
-71.108315,42.38651,1716,"present",2,2
-71.107048,42.431385,1716,"present",6,2
-71.106285,42.435844,1716,"present",11,2
-71.101334,42.505898,1716,"present",2,2
-71.09655,42.41663,1716,"present",2,2
-71.092079,43.866966,1801,"present",1,2
-71.085434,42.315758,1673,"present",1,2
-71.084755,42.316795,1673,"present",1,2
-71.084747,42.316795,1673,"present",2,2
-71.0748,44.4012,1844,"past",5,1
-71.0588801,42.3600825,1673,"past",3,1
-71.05186,42.470104,1716,"present",1,2
-71.045303,42.084396,1673,"present",2,2
-71.04344,42.079826,1673,"present",2,2
-71.041908,42.084774,1673,"present",2,2
-70.98099,41.81728,1630,"present",2,2
-70.975372,44.019821,1844,"present",2,2
-70.97537,44.01982,1844,"present",1,2
-70.9750541,41.9903519,1673,"past",4,1
-70.950233,43.096924,1759,"present",1,2
-70.93619,42.08883,1673,"present",1,2
-70.93,43.130001,1759,"present",1,2
-70.92941,42.30053,1673,"present",1,2
-70.921326,42.267677,1673,"present",1,2
-70.91092,43.0774,1759,"present",1,2
-70.910919,43.0774,1759,"present",1,2
-70.897331,43.055054,1759,"present",6,2
-70.895088,43.2134020000001,1759,"present",5,2
-70.891479,42.49432,1716,"present",4,2
-70.88927691,43.26874345,1759,"past",15,1
-70.885231,43.115292,1759,"present",1,2
-70.88523,43.11529,1759,"present",1,2
-70.8653372,43.2617503,1759,"past",7,1
-70.862961,43.2798880000001,1759,"present",2,2
-70.86219,43.279743,1759,"present",3,2
-70.8186,43.1603,1759,"present",1,2
-70.810211,43.413593,1802,"present",11,2
-70.806007,42.77277,1716,"present",4,2
-70.80228,43.522804,1802,"present",2,2
-70.8012,43.8048,1801,"past",1,1
-70.8011731,43.8047977,1801,"past",11,1
-70.795647,43.457069,1802,"present",7,2
-70.795456,42.741394,1716,"present",4,2
-70.78211,43.305977,1759,"present",2,2
-70.7741,43.134,1759,"present",1,2
-70.75735,43.230736,1759,"present",2,2
-70.70457,43.581238,1802,"present",2,2
-70.700516,43.58272,1802,"present",2,2
-70.699135,43.58201,1802,"present",2,2
-70.699059,43.083412,1759,"present",2,2
-70.69133,43.08535,1759,"present",52,2
-70.654938,44.25386,1844,"present",1,2
-70.6180214,43.986313,1845,"past",21,1
-70.61145,43.705055,1802,"present",1,2
-70.609367,43.908012,1845,"present",1,2
-70.609062,43.907875,1845,"present",2,2
-70.568787,44.2091139999999,1845,"present",1,2
-70.55715,43.346775,1802,"present",2,2
-70.556267,41.80217,1674,"present",1,2
-70.55213,43.340015,1802,"present",1,2
-70.55201,43.33683,1802,"present",7,2
-70.549515,43.341316,1802,"present",1,2
-70.548935,43.337627,1802,"present",8,2
-70.548233,43.335651,1802,"present",2,2
-70.54803,43.3348460000001,1802,"present",2,2
-70.54728,43.33725,1802,"present",2,2
-70.546036,43.34826,1802,"present",1,2
-70.54581,43.335213,1802,"present",2,2
-70.4871,43.3658679999999,1802,"present",2,2
-70.487099,43.3658679999999,1802,"present",5,2
-70.44305,43.672104,1802,"present",2,2
-70.43866,43.506897,1802,"present",1,2
-70.424225,43.83765,1845,"present",1,2
-70.406815,43.631012,1802,"present",2,2
-70.38507,43.571346,1802,"present",1,2
-70.377289,43.517765,1802,"present",1,2
-70.35903,43.55094,1802,"present",2,2
-70.332611,43.775196,1845,"present",5,2
-70.33261,43.775196,1845,"present",2,2
-70.287125,43.825253,1845,"present",2,2
-70.286728,43.82621,1845,"present",4,2
-70.280785,43.629707,1802,"present",2,2
-70.273483,43.623219,1802,"present",1,2
-70.270424,43.692337,1802,"present",29,2
-70.254303,43.792496,1845,"present",1,2
-70.24968,43.6689680000001,1802,"present",4,2
-70.245705,43.667068,1802,"present",1,2
-70.23732,44.098392,1845,"present",1,2
-70.235512,43.636333,1802,"present",7,2
-70.234955,43.605831,1802,"present",3,2
-70.220497,44.083118,1845,"present",1,2
-70.214104,43.610584,1802,"present",1,2
-70.2141,43.610584,1802,"present",1,2
-70.204659,44.356728,1888,"present",5,2
-70.192505,43.808941,1845,"present",2,2
-70.121696,43.821171,1845,"present",1,2
-70.102585,44.269394,1888,"present",5,2
-70.035736,44.61348,1888,"present",2,2
-69.967957,43.758881,1846,"present",1,2
-69.9669961,43.9140162,1846,"past",23,1
-69.957878,43.899719,1846,"present",6,2
-69.95787,43.89944,1846,"present",1,2
-69.957726,43.899509,1846,"present",8,2
-69.957466,43.899727,1846,"present",1,2
-69.7753222,44.2300698,1889,"past",21,1
-69.7753,44.23007,1889,"past",1,1
-69.7753,44.2301,1889,"past",1,1
-69.593506,43.821156,1846,"present",2,2
-69.592491,44.227024,1889,"present",2,2
-69.55117,43.999718,1846,"present",13,2
-69.51155,43.894707,1846,"present",2,2
-69.50204,43.84154,1846,"present",1,2
-69.502037,43.841541,1846,"present",2,2
-69.445717,44.380726,1889,"present",4,2
-69.365997,44.114632,1889,"present",2,2
-69.356636,44.121105,1889,"present",1,2
-69.34307,44.606678,1932,"present",1,2
-69.31158,44.394394,1889,"present",2,2
-69.311577,44.394394,1889,"present",8,2
-69.236923,44.223492,1889,"present",1,2
-69.177101,44.685501,1932,"present",2,2
-69.1771,44.6855,1932,"present",2,2
-69.132668,44.124214,1890,"present",1,2
-69.12118,44.35643,1889,"present",2,2
-69.11971,44.116875,1890,"present",1,2
-69.0923,44.2372700000001,1890,"present",2,2
-69.091209,44.238724,1890,"present",1,2
-69.08005,44.23413,1890,"present",1,2
-69.066948,44.215588,1890,"present",2,2
-69.0647,44.2114,1890,"present",2,2
-69.06455,44.211617,1890,"present",1,2
-69.0511537,44.7975688,1932,"past",1,1
-69.04138,44.3133,1890,"present",1,2
-69.01954,44.264156,1890,"present",1,2
-69.005341,44.419659,1890,"present",2,2
-69.003532,44.417877,1890,"present",1,2
-68.984886,44.387745,1890,"present",1,2
-68.977654,44.427475,1890,"present",2,2
-68.799,44.38886,1890,"past",1,1
-68.7989582,44.3888609,1890,"past",3,1
-68.78829,44.931046,1933,"present",1,2
-68.779884,44.945835,1933,"present",2,2
-68.77875,44.582516,1933,"present",1,2
-68.777817,44.801182,1933,"present",1,2
-68.727715,44.738373,1933,"present",3,2
-68.724075,44.39973,1890,"present",1,2
-68.724075,44.399731,1890,"present",1,2
-68.72396,44.892937,1933,"present",2,2
-68.698929,44.846272,1933,"present",2,2
-68.611954,44.702324,1933,"present",1,2
-68.591362,44.6872899999999,1933,"present",1,2
-68.59136,44.6872899999999,1933,"present",1,2
-68.52434,44.65893,1933,"present",1,2
-68.36427,44.376945,1934,"present",1,2
-68.35107,44.50801,1933,"present",1,2
-68.2579,44.370987,1934,"present",2,2
-68.20625,44.36505,1934,"present",2,2
-68.106331,44.418877,1934,"present",1,2
-68.10633,44.418877,1934,"present",2,2
-68.019897,44.395542,1934,"present",1,2
-67.982468,44.438301,1934,"present",4,2
-67.9652562,44.5107169,1934,"past",32,1
-67.896492,44.639866,1934,"present",2,2
-67.422913,44.999458,1977,"present",1,2
-67.42291,44.99946,1977,"present",2,2
-67.0749,44.97476,1978,"past",1,1
-67.0748806,44.974757,1978,"past",5,1
-67.04445,44.95844,1978,"present",1,2
